{"cameraMode":{"drawMode":0,"name":"Shaded","section":"Shading Mode"},"sceneLighting":true,"audioPlay":false,"sceneViewState":{"showFog":true,"showMaterialUpdate":false,"showSkybox":true,"showFlares":true,"showImageEffects":true,"showParticleSystems":true},"in2DMode":false,"pivot":{"x":479.712890625,"y":164.7381591796875,"z":1117.394775390625},"rotation":{"x":-0.16630752384662629,"y":0.6909435987472534,"z":-0.16821400821208955,"w":-0.6831126809120178},"size":2767.25146484375,"orthographic":false}